タイトル,URL,サムネイルファイル名,作成物
[Neige Handicraft Club 5] We are currently recruiting members. Current members must also apply fo...,https://www.youtube.com/watch?v=v3NbrnDCt0Q,v3NbrnDCt0Q.jpg,
【ヴォーグ学園オンライン講座】3か月で作る「実用的リバティのバニティポーチ」裁断済みキットをお届け。募集締め切り直前の告知です。メイク用やお裁縫ポーチに　#287,https://www.youtube.com/watch?v=yk1ybLGYzTA,yk1ybLGYzTA.jpg,
【家庭用ミシンでも帆布は縫える５】内ポケットが同時に作れる！８号帆布の縦長トートバッグ｜SMLサイズ公開｜底まちの断ち方を丁寧に解説｜マリメッコ帆布生地使用 Howto #286,https://www.youtube.com/watch?v=L0P-SLP4aCc,L0P-SLP4aCc.jpg,
"【大塚屋 車道本店】""布の聖地""名古屋へ！布愛溢れる社長と一緒に巡る店内。ニット専門店「maffonショップ」にも訪問。Visit a craft store in Nagoya,　＃285",https://www.youtube.com/watch?v=nndWppAZPlY,nndWppAZPlY.jpg,
【20cmで作る布小物④】コロンと可愛い巾着ポーチとお洒落なパッチワーク布トレイ　How to make a  pouch & patchwork tray　#284,https://www.youtube.com/watch?v=En4gEJCPHwU,En4gEJCPHwU.jpg,
[Kit Introduction] Please check the kit contents and how to attach the matching mark before purch...,https://www.youtube.com/watch?v=dGBu4vC3iko,dGBu4vC3iko.jpg,
【20cmで作る布小物③】実用的でかわいい♪ミニ財布＆ショルダーストラップの作り方【初心者OK】How to make a mini wallet and strap　#282,https://www.youtube.com/watch?v=3DTGUBjujsQ,3DTGUBjujsQ.jpg,
[Fabric accessories made from 20cm ②] Three practical fabric accessories made from 20cm x 2 piece...,https://www.youtube.com/watch?v=a-Q_pzkw02A,a-Q_pzkw02A.jpg,
[Cloth accessories made from 20cm ①] Make two practical cloth accessories using two 20cm cut piec...,https://www.youtube.com/watch?v=Nqd9iQx3MVk,Nqd9iQx3MVk.jpg,
Size adjustment is OK! How to make a shoulder strap that looks the same but has a different metho...,https://www.youtube.com/watch?v=MZWQbKlXNn8,MZWQbKlXNn8.jpg,
うまく切れない人必見！ロータリーカッターの失敗しない使い方。おすすめ道具も紹介！How to use a rotary cutter　ライブ編集版#278,https://www.youtube.com/watch?v=CF8Zo8Hw2J8,CF8Zo8Hw2J8.jpg,
自宅で簡単に出来る！ズボンの裾上げを失敗ゼロで仕上げる裏技【ノーカット実演／片足5分】 Hemming Hack! How to Hem Pants Without Failing　＃276,https://www.youtube.com/watch?v=N1SlhF-E0Ok,N1SlhF-E0Ok.jpg,
【1日で完成】自分服から作る「ジグザグ縫いなし！」「脇縫いゼロ」の簡単ルームパンツの作り方　How to make room pants without side seams　＃275,https://www.youtube.com/watch?v=chJcEUkdmW4,chJcEUkdmW4.jpg,
【簡単ハンドメイド】2枚の布で作る三角バネポーチの作り方。ずれやすい脇もキレイに決まる！ライブ再編集ver.How to make a  pouch　#274,https://www.youtube.com/watch?v=8JbubY3Fl0I,8JbubY3Fl0I.jpg,
【はぎれ活用】12cmファスナーで作る小さなカーブポーチ。マリメッコ生地で簡単ハンドメイド！型紙なし（お皿）でも作れます　How to make a curved pouch　#273,https://www.youtube.com/watch?v=s3mED4rYdt4,s3mED4rYdt4.jpg,
【日本ホビーショー2025】会場の様子を4分でサクッとレポ！ハンドメイド＆クラフトの祭典 JAPAN HOBBY SHOW #272,https://www.youtube.com/watch?v=g165N7gGgvA,g165N7gGgvA.jpg,
【Prym Vario使い方基本編】穴あけ〜カシメつけ。縫い目を隠す仕立ての裏技。革で仕上がりもワンランクアップ！カシメサイズの選び方＃HOWTO　＃ハンドプレス　＃271,https://www.youtube.com/watch?v=y9QpEWs3dPw,y9QpEWs3dPw.jpg,
No need for a pattern! How to make a gathered dress #270,https://www.youtube.com/watch?v=qSU_vpuD1JY,qSU_vpuD1JY.jpg,
"[Celebrating 100,000 subscribers] How to make a ""Tetra-shaped zipper pouch"" from scraps. Announce...",https://www.youtube.com/watch?v=9ReKVSEqZUM,9ReKVSEqZUM.jpg,
【制作動画】布合わせを楽しむワイヤータイプの手作りリュック。いろんなポケットの付け方　Wire backpack making video ＃猪俣友紀の仕立てがきれいな大人バッグ＃266,https://www.youtube.com/watch?v=8Qe2GG_LDGY,8Qe2GG_LDGY.jpg,
Small pouch made from scraps #265,https://www.youtube.com/watch?v=gVkQS7xOgCI,gVkQS7xOgCI.jpg,
adult,https://www.youtube.com/watch?v=OKg3SDBQ33Q,OKg3SDBQ33Q.jpg,
神秘的な天空の城ラピュタの世界へ！ローマからCIVITAチヴィタへの行き方Italia solo trip【スイス・イタリア1人旅⑨ローマ３泊４日2024年10月】#263,https://www.youtube.com/watch?v=zJkXaUoybjA,zJkXaUoybjA.jpg,
ローマの人気観光地巡り、世界で一番小さいバチカン市国の美術館、トレビの泉では珍しい光景が見れました！Italia solo trip【スイス・イタリア1人旅⑧ローマ３泊４日2024年10月】 #261,https://www.youtube.com/watch?v=JDzyiMQGpvw,JDzyiMQGpvw.jpg,
フィレンツェ観光とウフィツィ美術館。ピサの斜塔へ日帰り旅！痛い罰金を払いました（自業自得） solo trip【スイス・イタリア1人旅⑦フィレンツェ２泊３日2024年10月】 #260,https://www.youtube.com/watch?v=BbExHLPUKvw,BbExHLPUKvw.jpg,
"""neige+ Collection Kaleidoscope"" New Release #257",https://www.youtube.com/watch?v=QZhlGRsbO8k,QZhlGRsbO8k.jpg,
まるで映画の世界！ベネチアの離島観光。ブラーノ島とムラーノ島　venice solo trip【スイス・イタリア1人旅⑥ベネチア３泊４日2024年9月 】 #258,https://www.youtube.com/watch?v=66GWB7s5qy8,66GWB7s5qy8.jpg,
【お知らせ】鎌倉スワニーコラボ生地「neige＋コレクションkaleidoscope」新発売！ヴォーグ学園オンライン講座課題作品紹介。生地取り扱い店舗は概要欄記載　#257,https://www.youtube.com/watch?v=EyD4_KD5o-4,EyD4_KD5o-4.jpg,
水の都ベネチアの絶景と聖地巡り、本場のパスタを満喫する贅沢時間　【スイス・イタリア1人旅⑤ベネチア３泊４日2024年9月28-29日 】venice solo trip ＃旅のvlog #256,https://www.youtube.com/watch?v=OJtZa9Zi-tE,OJtZa9Zi-tE.jpg,
手芸店巡りとミラノのドゥオーモを堪能。広場での詐欺には要注意！　Mirano solo trip　【スイス・イタリア1人旅④ミラノ２泊３日2024年9月26-28日】 #旅のvlog #255,https://www.youtube.com/watch?v=kaKQ6BGmdeY,kaKQ6BGmdeY.jpg,
チューリッヒの手芸店BERNINAベルニナミシンショップレポ。スイス鉄道でピラトゥス山へSwiss solo trip【スイス・イタリア1人旅③チューリッヒ3泊4日2024年9月 】 #253,https://www.youtube.com/watch?v=4pstLBJXvdo,4pstLBJXvdo.jpg,
物価高は想像以上！マッターホルンに感動！スイス鉄道乗り継ぎ電車の旅。Swiss solo trip　【スイス・イタリア1人旅②チューリッヒ3泊4日2024年9月24日 】#旅のvlog #252,https://www.youtube.com/watch?v=H7M1Niw1CiU,H7M1Niw1CiU.jpg,
ANA特典マイル旅。スイス航空ビジネスクラス搭乗記。贅沢な１人席で快適な空の旅。東京/成田-チューリッヒ Swissair report【スイス・イタリア１人旅①2024年9月23日】 #251,https://www.youtube.com/watch?v=TEdnBwaa2vE,TEdnBwaa2vE.jpg,
【ハンドメイド】marimekkoマリメッコの帆布生地でトートバッグづくり。Making tote bags #250,https://www.youtube.com/watch?v=cSmeGS6O4Vc,cSmeGS6O4Vc.jpg,
【ハンドメイド】底切り替えの仕立てのいいファーバッグの作り方。内側は仕切りポケット付き！マチも大きくたっぷり入ります。How to make a tote bag #249　資材購入先は概要欄記載,https://www.youtube.com/watch?v=YioZNlf4Jr4,YioZNlf4Jr4.jpg,
【ハンドメイド】マチ付きボディバッグの作り方『ミラクルハンドメイド定規BOOK⑩』How to make a body bag　#248,https://www.youtube.com/watch?v=CzdXV3jznr0,CzdXV3jznr0.jpg,
【ハンドメイド】便利なファスナーポケット付き！スマホポシェットの作り方『ミラクルハンドメイド定規BOOK⑨』｜How to make a  pochette　#247,https://www.youtube.com/watch?v=3-K5rrbvyg4,3-K5rrbvyg4.jpg,
【縫わずに端切れ活用】リバティの小さなかけらで１００均の布カレンダーをオシャレにリメイク　How to　#246,https://www.youtube.com/watch?v=z5o_mg2LoMg,z5o_mg2LoMg.jpg,
【保存版】ファスナー付けの基本はこれでマスター！内ポケット付きで手芸道具もすっきり収納『ミラクルハンドメイド定規BOOK⑧』スケールケース  How to make a scale case　#245,https://www.youtube.com/watch?v=YL5y9up9fMY,YL5y9up9fMY.jpg,
４枚の端切れで布合わせ！大人可愛い「レター型ポーチ」デコレクションズさんとのコラボ企画！端切れセットのおまけレシピのご紹介　Collaboration recipe ＃244,https://www.youtube.com/watch?v=acmIM8Uw1wQ,acmIM8Uw1wQ.jpg,
普段使いにピッタリ！定番人気の”グラニーバッグ”の作り方。お散歩サイズで500mlペットボトルもスッポリ『ミラクルハンドメイド定規BOOK⑦』How to make a bag #243,https://www.youtube.com/watch?v=ZakHBvNI7-s,ZakHBvNI7-s.jpg,
【保存版】工具不要で超簡単！「ワンタッチプラホック」の付け方。金属のバネホックと比較してみました　How to attach plastic hooks #242,https://www.youtube.com/watch?v=UzQEXuG2K64,UzQEXuG2K64.jpg,
【ハンドメイド】ヌビキルトでトランク風タブレットケースの作り方。Ipadに便利なペンホルダー付『ミラクルハンドメイド定規BOOK⑥』How to make an iPad case #241,https://www.youtube.com/watch?v=r-avJ2bmeAE,r-avJ2bmeAE.jpg,
【ハンドメイド】くびれがオシャレなポーチの作り方。スマホポシェットにもお勧め『ミラクルハンドメイド定規BOOK⑤』How to make a slim pouch using a ruler　#240,https://www.youtube.com/watch?v=o_jXBm4Hwho,o_jXBm4Hwho.jpg,
【ハンドメイド】シンプルだけどスタイリッシュなA4フラットトートの作り方。内ポケット付『ミラクルハンドメイド定規BOOK④』How to make a stylish tote bag #238,https://www.youtube.com/watch?v=2CyTQKEwBIY,2CyTQKEwBIY.jpg,
【JUKI MO3000】ロックミシンだけで”いちご泥棒”の簡単手作りカーテン。巻きロック、３本ロックの使い方。メンバーシップ募集のお知らせ　Easy handmade curtains  #237,https://www.youtube.com/watch?v=9zBM19PEneA,9zBM19PEneA.jpg,
余り布で作れる「フリルが可愛いまあるい巾着ポーチ」ハンドメイド初心者でも手縫いでも作れます『ミラクルハンドメイド定規BOOK③』How to make a drawstring pouch #236,https://www.youtube.com/watch?v=99Zf523Vbis,99Zf523Vbis.jpg,
【端切れ活用】小さなハギレで作る”まあるいパッチワークコースター＆ポットマット”『ミラクルハンドメイド定規BOOK②』｜How to make a patchwork coaster #234,https://www.youtube.com/watch?v=cURoDAab-SM,cURoDAab-SM.jpg,
簡単で可愛い！『ミラクルハンドメイド定規BOOK①』のICカードホルダーを作ろう。角を出す時のコツ｜How to make a card case #233,https://www.youtube.com/watch?v=F70Mv79voso,F70Mv79voso.jpg,
【端切れ活用】ファスナー口保冷バッグの作り方｜布合わせ、ファスナー縫い方のコツ｜How to make a zippered bag＃232,https://www.youtube.com/watch?v=QbUaEw0ABrM,QbUaEw0ABrM.jpg,
日暮里繊維街で必ず立ち寄るおすすめ店紹介。資材選びのポイント、布好き必見の生地天国　Introduction to Nippori Textile Town | vlog＃231,https://www.youtube.com/watch?v=9LV71uHOvKo,9LV71uHOvKo.jpg,
大人気手芸店「鎌倉SWANYスワニー本店」オシャレな店内の様子をたっぷりお届け！＆鎌倉駅周辺散策Popular handicraft store report in Kamakura｜vlog＃230,https://www.youtube.com/watch?v=oO35Ncd3XRE,oO35Ncd3XRE.jpg,
【初期メンバー限定公開】家庭用ミシンで作れる「帆布２WAYショルダーバッグ」すてきに作れるバッグのきほん掲載作品｜Online course on canvas shoulder bags,https://www.youtube.com/watch?v=ppbXZtz8544,ppbXZtz8544.jpg,
新刊「ミラクルハンドメイド定規BOOK」掲載作品と本に隠れた裏技を大公開」＆YouTuberメンバーシップのお話。New book introduction Instagram Live #229,https://www.youtube.com/watch?v=RO5_hJBYnmg,RO5_hJBYnmg.jpg,
おしゃれで機能的！NHKすてきにハンドメイド5月号『ラウンドリュック』の製作過程を紹介｜ Process of a round backpack #228,https://www.youtube.com/watch?v=QO22neoFOvs,QO22neoFOvs.jpg,
マリメッコ生地１mで作れる簡単ギャザースカート。着丈の測り方、脇ポケットの付け方も丁寧に解説。好みの着丈で作れます｜How to make a marimekko skirt　#227,https://www.youtube.com/watch?v=zuLnAvJm2jY,zuLnAvJm2jY.jpg,
【自分サイズで出来る】直線縫いでとっても簡単「ガーゼのボレロ」の作り方。冷房対策にお勧めショール。手縫いでも作れます。余り布の使い切りアイデア。How to make a bolero　#226,https://www.youtube.com/watch?v=6IjZU_PTZJo,6IjZU_PTZJo.jpg,
【簡単リュックの作り方】大きめでたっぷり入るナップサック作り。＊サイドパーツのサイズ修正🙏　❌１７cm ⭕️１２cm＊Prymハンドプレス機でハトメ付け（コットンフレンド夏号）How to 　#225,https://www.youtube.com/watch?v=cg-XA6EWXpM,cg-XA6EWXpM.jpg,
リバティの端切れとナイロンでハトメのポシェット（サコッシュ）作り。Prymハンドプレス機でハトメとカシメの付け方を解説（コットンフレンド夏号）How to make nylon sacoche#224,https://www.youtube.com/watch?v=RgyTwQR304k,RgyTwQR304k.jpg,
【掲載作品】Prymハンドプレス機VARIOを使った旅アイテム。バッグ教室でお試し体験。コットンフレンド夏号　Introduction of  handicraft magazines　#223,https://www.youtube.com/watch?v=Yiik9MKp4m4,Yiik9MKp4m4.jpg,
【ヨーロッパ周遊ひとり旅⑩ヘルシンキ4泊5日】marimekkoマリメッコ本社とヴァンターのアウトレットでお買い物。そして帰国。 Helshinki (2024/6/3-8）#旅のvlog #222,https://www.youtube.com/watch?v=DbffgLokYXQ,DbffgLokYXQ.jpg,
【ヨーロッパ周遊ひとり旅⑨モナコ半日観光】観光バスでモナコGP市街地コースを擬似体験してきました！monaco solo trip(2024/5/31）#旅のvlog #221,https://www.youtube.com/watch?v=9px13XDDsiE,9px13XDDsiE.jpg,
【ヨーロッパ周遊ひとり旅⑧ニース4泊5日】手芸店と南仏の美しい地中海。エズ村・カンヌ日帰り観光。Nice&Eze&Cannes (2024/5/29-6/2）#旅のvlog #220,https://www.youtube.com/watch?v=BRGQ5WdWtlc,BRGQ5WdWtlc.jpg,
【ヨーロッパ周遊ひとり旅⑦バルセロナ3泊4日】美食の国で食べて飲んで大満喫！完成間近のサグラダファミリア　Barcelona (スペイン2024/5/26-29）#旅のvlog #219,https://www.youtube.com/watch?v=DhIN0J7NQB8,DhIN0J7NQB8.jpg,
【ヨーロッパ周遊ひとり旅⑤フェズ2泊3日】モロッコ周遊。迷宮の街フェズは日本語ガイドと街歩き。Morocco Fez solo trip(2024/5/21-23）＃旅のvlog #217,https://www.youtube.com/watch?v=b3VlxMqZFn8,b3VlxMqZFn8.jpg,
【ヨーロッパ周遊ひとり旅⑥シャウエン2泊3日】モロッコ完結　猫と青の街。ホテル滞在　Morocco chefchaouen solo trip(2024/5/23-26）＃旅のvlog #218,https://www.youtube.com/watch?v=wwL0geIIqcg,wwL0geIIqcg.jpg,
【ヨーロッパ周遊ひとり旅④マラケシュ4泊5日】モロッコの手芸店とリヤド滞在。タイルがお洒落な宮殿へ　Marrakech in Morocco 2024/5/17-21　#旅のvlog #216,https://www.youtube.com/watch?v=-ERePfnSfQQ,-ERePfnSfQQ.jpg,
【ヨーロッパ周遊ひとり旅③リスボン4泊5日】ポルトガルの手芸店とフリーツアーで街歩き。そして発熱・・・Walking around Lisbon.(2024/5/13-17）#旅のvlog #215,https://www.youtube.com/watch?v=TyKQks7HqXc,TyKQks7HqXc.jpg,
【ヨーロッパ周遊ひとり旅②パリ3泊4日】フランス パリの主要観光名所と手芸店、クリニャンクール蚤の市巡り(2024/5/10-13) Paris #旅のvlog 　#214,https://www.youtube.com/watch?v=CTB2PQx52s0,CTB2PQx52s0.jpg,
【ヨーロッパ周遊ひとり旅①】ANA特典マイルで初のビジネスクラス搭乗記。手芸店巡りとトランジットのシンガポールフリーツアーSingapore Free Tour＃旅のVlog　#213,https://www.youtube.com/watch?v=QWPsKM1AfBI,QWPsKM1AfBI.jpg,
フィンランド　ヘルシンキAirbnb料理体験　in English　旅のvlog #212,https://www.youtube.com/watch?v=Q3FwSP6gbUI,Q3FwSP6gbUI.jpg,
【北欧ひとり旅総集編vlog】コペンハーゲン・オスロ・ストックホルム・ヘルシンキ・タリンCompilation of Solo Travel in Northern Europe　#211,https://www.youtube.com/watch?v=eNYWuzqracU,eNYWuzqracU.jpg,
今後の配信に関するお知らせ　Notice about future distribution　#210,https://www.youtube.com/watch?v=hgboiqri3eM,hgboiqri3eM.jpg,
【neige手芸部３】オリジナル布で作る「ティッシュケース＆ポーチ」の作り方。キットで同じアイテムが作れます　How to make a tissue pouch　#209,https://www.youtube.com/watch?v=l_klL4M7bC0,l_klL4M7bC0.jpg,
家庭用ミシンの自動糸調子、本当は自動じゃないって知ってる？裁断時に便利な手芸道具の選び方と水通しのいらない地直しの方法#neige手芸部 #208,https://www.youtube.com/watch?v=Tc9gy05Wrrw,Tc9gy05Wrrw.jpg,
【neige手芸部３】部員募集中。投稿キャンペーンはじまりました。インスタライブ再編集版 #neige手芸部 Instagram live re-edited version＃207,https://www.youtube.com/watch?v=4G9YSM7aJtY,4G9YSM7aJtY.jpg,
【オンライン講座】大人かわいいマリメッコバッグ。キット付きで同じバッグが作れます　marimekko　#206　#miroom,https://www.youtube.com/watch?v=UWYJ7pIwe3c,UWYJ7pIwe3c.jpg,
ハンドメイドの祭典「日本ホビーショー2024」に行ってきました！会場レポ　Japan Hobby Show #205,https://www.youtube.com/watch?v=qKou-oeifCU,qKou-oeifCU.jpg,
【掲載作品】ヌビキルトで作る大人かわいいリュック。NHKすてきにハンドメイド5月号　Introduction of  handicraft magazines　#204,https://www.youtube.com/watch?v=KCotX3vM1GM,KCotX3vM1GM.jpg,
【JUKI職業用EB1ボタンホーラー】世界初！直線専用ミシンでボタンホールができる！クッションカバー作りで使用レポ。Introducing the latest button holer　#203,https://www.youtube.com/watch?v=E5xg-qPOXEA,E5xg-qPOXEA.jpg,
"【ハンドメイド】ミニポシェット,プランターカバー、アームカバー。コットンタイム5月号掲載作品作りProduction of bags and accessories　#202",https://www.youtube.com/watch?v=6XJzbX4WJiM,6XJzbX4WJiM.jpg,
【掲載作品紹介】レモン柄のミニポシェットとガーデニング小物。ネット販売の始め方。コットンタイム5月号　Introduction of  handicraft magazines　#201,https://www.youtube.com/watch?v=9mwnm8pAQNE,9mwnm8pAQNE.jpg,
【完全保存版】バッグ作りの基礎から縫い方のコツまでを徹底解説！家庭用ミシンで初心者でも素敵に作れるヌビキルトの内ポケット付トートバッグを作ります。How to & Sewingtips　#200,https://www.youtube.com/watch?v=ATV1Mj0oJXw,ATV1Mj0oJXw.jpg,
【ハンドメイド】薄い生地で作るウッドハンドルのタックトート作り Wood handle tuck tote made from thin fabric＃199,https://www.youtube.com/watch?v=Pcr-3RQMPjc,Pcr-3RQMPjc.jpg,
【お知らせ】コットンタイム掲載「旅で出会った布紀行」次の周遊先や新規オンライン講座の告知　about handicraft magazines & next solo trip plans #198,https://www.youtube.com/watch?v=6imxGK8h-w0,6imxGK8h-w0.jpg,
【neige手芸部＃２】ベストオブモリスで作るリバーシブル巾着トート　How to make a reversible drawstring bag＃197,https://www.youtube.com/watch?v=W-2014e-8iA,W-2014e-8iA.jpg,
Marimekkoマリメッコ生地で作る「春色巾着トートバッグ」きれいに仕上がるコツを初心者にわかりやすく紹介。コットンタイム掲載レシピ｜How to make a drawstring bag＃196,https://www.youtube.com/watch?v=IOoykAEK1M4,IOoykAEK1M4.jpg,
【neige手芸部】部員募集中！次回作品はモリスの生地で「リバーシブル巾着トート」｜Instagram live broadcast　#195,https://www.youtube.com/watch?v=ac8jSlcMn10,ac8jSlcMn10.jpg,
【繊維工場見学】オリジナルネームタグ・チロルリボン・レース・シルクができるまで。手芸好きさん必見です！福井県繊維産地ツアー｜Textile factory tour(BGM only)#194,https://www.youtube.com/watch?v=aPse_d6BVII,aPse_d6BVII.jpg,
【ハンドメイド】ラウンドポシェット作りの制作風景Production scene of round pochette (BGM only)#193,https://www.youtube.com/watch?v=58da-7w6OE8,58da-7w6OE8.jpg,
【ヘルシンキひとり旅🇫🇮】5時間で効率よく周る市内観光（2023/5/22-25)  旅のvlog　Helsinki trip#192,https://www.youtube.com/watch?v=ApKM8zsPWJQ,ApKM8zsPWJQ.jpg,
【タリンひとり旅⑩🇪🇪】世界遺産エストニア日帰り観光。旧市街にある手芸店（2023/5/20)  旅のvlog　Handicraft shops in Tallinn　#191,https://www.youtube.com/watch?v=XPjU6IzNxvY,XPjU6IzNxvY.jpg,
【ヘルシンキひとり旅🇫🇮⑨】マリメッコアウトレット。フィンランド料理体験(2023/5/17-20) Helsinki & Marimekko outlet 旅のvlog #190,https://www.youtube.com/watch?v=rxQrGZLVoaI,rxQrGZLVoaI.jpg,
【ヘルシンキひとり旅🇫🇮⑧】１日１組限定マリメッコホテル＆シリアラインのムーミン部屋滞在レポ(2023/5/15-17) 旅のvlog  Marimekko Hotel Stay #189,https://www.youtube.com/watch?v=R-1F4R2QH0s,R-1F4R2QH0s.jpg,
"【100均しめ縄リメイク】畳ヘリと端切れでちょっと変わったお正月飾りの作り方 How to make ""New Year's decorations""　#188",https://www.youtube.com/watch?v=V_CbIf5VAyM,V_CbIf5VAyM.jpg,
【インスタライブ再編集版】WEB個展。作品紹介とバッグ作りにお勧めの本（個展は終了しています）Work introduction and book introduction187,https://www.youtube.com/watch?v=abdN0ry0xxw,abdN0ry0xxw.jpg,
【ストックホルムひとり旅🇸🇪⑦】高級布屋さん＆イッタラアウトレット。Stockholm's  handicraft shops(2023/5/14-15) 旅のvlog #186,https://www.youtube.com/watch?v=H64zv6jr8XU,H64zv6jr8XU.jpg,
【端切れ活用】お家の形が可愛いキーケース作り。手縫いで作れてプレゼントにもお勧めです。コットンタイム１月号付録定規｜How to make a house-shaped key case＃185,https://www.youtube.com/watch?v=y3de7MFn3n8,y3de7MFn3n8.jpg,
【オスロひとり旅🇳🇴⑥】絶景の連続！ベルトラフィヨルドツアー。世界一美しいフロム鉄道からの車窓。ベルゲン→オスロ(2023/5/12) fjord tour norway旅のvlog #184,https://www.youtube.com/watch?v=-MXobHApIDA,-MXobHApIDA.jpg,
Marimekkoマリメッコ生地で作る「小さくて可愛いコスメポーチ」の作り方 。カーブファスナーの縫い方のコツ。コットンタイム掲載レシピ｜How to make a round pouch＃183,https://www.youtube.com/watch?v=hioF19D4IRQ,hioF19D4IRQ.jpg,
"【ベルゲンひとり旅🇳🇴⑤】ノルウェー国鉄オスロからベルゲン。ブリッゲン、フロイエン山(2023/5/11~12) Solo trip to Bergen, Norway.旅のvlog #182",https://www.youtube.com/watch?v=TQdGxVW_dxQ,TQdGxVW_dxQ.jpg,
【３弾マルチコラボ定規】COTTONTIMEコットンタイム１月号付録.型紙代わりになる便利な使い方 the collaboration ruler. see the summary ＃181,https://www.youtube.com/watch?v=PnVVV0_pbOw,PnVVV0_pbOw.jpg,
"【オスロひとり旅🇳🇴④】ムンクの叫びに感動！美術館と市内観光(2023/5/10~11,13) Solo trip to Oslo, Norway.旅のvlog #180",https://www.youtube.com/watch?v=2Evwsosgc6o,2Evwsosgc6o.jpg,
【コペンハーゲンひとり旅🇩🇰③】市内観光と手芸店。滞在先Airbnb紹介。(2023/5/11)Handicraft shops in Copenhagen＆Airbnb　旅のvlog #179,https://www.youtube.com/watch?v=8xwSc6eiZN8,8xwSc6eiZN8.jpg,
【ハンドメイド】しずく型がお洒落なファーのドロップトートの作り方。（製図あり）How to make a fur drop tote bag #178,https://www.youtube.com/watch?v=F2W32GipBAE,F2W32GipBAE.jpg,
【コペンハーゲンひとり旅🇩🇰②】布屋さんとお洒落な雑貨屋巡り(2023/5/9~10)copenhagen solo trip｜Handicraft shops 旅のvlog#177,https://www.youtube.com/watch?v=QMS0n7AFEwQ,QMS0n7AFEwQ.jpg,
【サステナブル】アパレルの残布をパッチワーク。ボストンバッグに生まれ変わるまでの制作風景The process of making a Boston bag　#176,https://www.youtube.com/watch?v=_UAHYgI-8N8,_UAHYgI-8N8.jpg,
【北欧５カ国ひとり旅🇩🇰①】ヘルシンキ乗り継ぎでコペンハーゲンへ。プライオリティパスで空港ラウンジ初体験！(2023/5/7~9) Overseas solo trip 旅のvlog #175,https://www.youtube.com/watch?v=EObZgWjSdZE,EObZgWjSdZE.jpg,
制作風景ノーカット版。捨てられない小さな端切れの布合わせと繋ぎ方。Production scene of connecting scraps #174,https://www.youtube.com/watch?v=mjg90wJUBUw,mjg90wJUBUw.jpg,
【ハンドメイド】ファー仕立てのラウンドトートバッグ作り。マチ広めで内ポケット付き（製図あり）How to make a fur round tote bag #173,https://www.youtube.com/watch?v=dRw7v8D2_NI,dRw7v8D2_NI.jpg,
ベストオブモリスで作るファーの冬バッグ。オンライン講座のお知らせと便利な手芸道具のこと Winter online lessons and useful handicraft tools　#172,https://www.youtube.com/watch?v=GM5u85Weq9U,GM5u85Weq9U.jpg,
【裏布なし】ヌビキルト５０cmで作る大きなトートバッグの作り方。マザーズバッグや旅行バッグに。How to make a large tote bag using Nubiquilt #171,https://www.youtube.com/watch?v=d81WdNXzIqg,d81WdNXzIqg.jpg,
【家庭用ミシンでも帆布は縫える４】８号帆布のトートバッグ作り。たっぷり入って内ポケットも同時に仕上がります。マリメッコ帆布生地使用　How to make a tote #170,https://www.youtube.com/watch?v=bs4y9vIabzU,bs4y9vIabzU.jpg,
１時間で作れる！布耳はぎれで「内布が同時に作れるファスナーポーチ」の作り方｜How to make a simple pouch on Instagram Live（インスタライブ再編集）#169,https://www.youtube.com/watch?v=ccDhaF_UCh8,ccDhaF_UCh8.jpg,
【neige手芸部＃１】布耳端切れで作る小さなトートバッグ。布合わせのコツ｜How to make a small tote bag from fabric scraps #168,https://www.youtube.com/watch?v=JL6ZrmnKbZk,JL6ZrmnKbZk.jpg,
"布耳の端切れとステッチで""大人可愛い巾着ポーチ""の作り方｜How to make a cute drawstring pouch #167",https://www.youtube.com/watch?v=qxfvzEcFfbs,qxfvzEcFfbs.jpg,
【ハンドメイド】ファスナーを挟んで縫うだけ！簡単ファスナーポーチの作り方。マリメッコ端切れ｜How to make a very easy marimekko ZIP pouch #166,https://www.youtube.com/watch?v=dgYt5apawd0,dgYt5apawd0.jpg,
「neige手芸部」ができました！活動内容と入部希望者募集のお知らせ #165,https://www.youtube.com/watch?v=fYBkz0oGJN8,fYBkz0oGJN8.jpg,
【基本のトート】１枚布で底マチが隠れる「折りマチトートバッグ」の作り方｜How to make a easy tote #164,https://www.youtube.com/watch?v=M7c4weVSVPk,M7c4weVSVPk.jpg,
２０ｃｍの畳縁から作れるかわいい小物4選。畳ヘリでなに作る？掲載作品 | How to make 4 small items made from  tatami edge #163,https://www.youtube.com/watch?v=6MI196I-Jvg,6MI196I-Jvg.jpg,
【ハンドメイド】内布（裏布）も同時に作れるリバーシブルバンブートートの作り方｜How to make a reversible bamboo tote bag #162,https://www.youtube.com/watch?v=Xu2L5C0auKQ,Xu2L5C0auKQ.jpg,
人気の『畳のヘリ』で作るマチありリングトートバッグ（裏地あり）コットンフレンド夏号掲載｜How to make a tatami edge tote bag #161,https://www.youtube.com/watch?v=gzo4ZKGRSYQ,gzo4ZKGRSYQ.jpg,
保冷剤を入れてネッククーラーとしても使えるストールの作り方。余ってる白いガーゼも使えます｜How to make a 2way neck cooler　#160,https://www.youtube.com/watch?v=s53aW5VdBv8,s53aW5VdBv8.jpg,
【型紙作りが要らない】自分サイズのワンピースの作り方。脇ポケットも作れます｜How to make a dress with side pockets without a pattern #159,https://www.youtube.com/watch?v=NNNQzxv_DGw,NNNQzxv_DGw.jpg,
【1日で作れる】ジグザグ縫いなし！直線縫いで作るキャミソールワンピースの作り方｜Easy way to make a camisole dress with straight stitch #158,https://www.youtube.com/watch?v=gGIrc59CU_Q,gGIrc59CU_Q.jpg,
型紙不要！自分服で作れる「ルームパンツ」の作り方。意外なくらいちゃんと作れます。How to make room pants.No template needed #157,https://www.youtube.com/watch?v=eRp4BQ0Yt-A,eRp4BQ0Yt-A.jpg,
【職業用ミシン】バッグの入れ口を縫う時のコツ。厚物縫いの速度調整の紹介。How to make a bag mouth lesson #156,https://www.youtube.com/watch?v=VzlAOe3sMx0,VzlAOe3sMx0.jpg,
【1時間で作る】ナイロンの大きめトートの作り方。小さくたためてサブバッグにも。家庭用ミシン使用｜How to make a large eco bag #155,https://www.youtube.com/watch?v=aiPccrzq_5Y,aiPccrzq_5Y.jpg,
意外と簡単！人気の「ヌビキルト」で作る巾着タイプの小さめ保冷トート｜How to make a 2WAY cold storage drawstring bag　#154,https://www.youtube.com/watch?v=shppq_MzTnE,shppq_MzTnE.jpg,
ファスナーの付け方に技アリ！軽いラバークロスのサコッシュ作り。パスポートケースにもお勧め｜How to make a sacoche with a technique for zip #153,https://www.youtube.com/watch?v=DJczxdH1Psk,DJczxdH1Psk.jpg,
"""いつもと違うファスナーの付け方""でヌビキルトのふんわりポーチ作り｜Making a pouch with a different zipper sewing method　#152",https://www.youtube.com/watch?v=u78btARUKv4,u78btARUKv4.jpg,
【１時間で完成】内布と底マチのある「フラップ付きトートバッグ」の作り方。お散歩トートにもピッタリ！How to make a bag with flap #151,https://www.youtube.com/watch?v=IZ3upZuTf5c,IZ3upZuTf5c.jpg,
縫ってる時には見えない「バイアステープの裏面」も綺麗に仕上がる縫い方のコツ。バニティポーチで紹介します｜How to sew curves with bias tape #150,https://www.youtube.com/watch?v=PpaExsbodaQ,PpaExsbodaQ.jpg,
内布（裏布）も一度に作れる、一番簡単な巾着ポーチの作り方をご紹介｜How to make a super easy drawstring pouch #149,https://www.youtube.com/watch?v=FnHqIdNUo90,FnHqIdNUo90.jpg,
皆様に「大切なお知らせ」。Important notice regarding future video distribution #148,https://www.youtube.com/watch?v=OqPqIluhs8E,OqPqIluhs8E.jpg,
【家庭用ミシンでも帆布は縫える３】ファスナー付き帆布２WAYトートバッグ。作り方を丁寧に解説｜How to make a zipper bag #147,https://www.youtube.com/watch?v=t1YAP10JoLU,t1YAP10JoLU.jpg,
【miroomオンライン講座】「端切れ＆布耳で作る布小物　超入門編」新レッスン開講（３月２１日〜）のお知らせ。レッスン内容とキットの紹介 #146,https://www.youtube.com/watch?v=tCWSCNO67V8,tCWSCNO67V8.jpg,
【レシピ公開中】内布付きキャラメル底のショルダーバッグの作り方　#KONiTTで作ったよ｜How to make a shoulder bag with inner cloth#145,https://www.youtube.com/watch?v=6mgFC0ntaJc,6mgFC0ntaJc.jpg,
kokka fabric【KONiTTコニット】で作るバッグと小物。2月8日〜新発売｜Bags and pouches made from KONiTT fabric#144,https://www.youtube.com/watch?v=rJGidIYFXAI,rJGidIYFXAI.jpg,
【カーブのある型紙作りのコツ】コピー用紙＆マス付きコピクイーンの２通りの写し方を紹介｜How to make a paper pattern with curves#143,https://www.youtube.com/watch?v=gykZPhlhH9c,gykZPhlhH9c.jpg,
簡単に作れる『小さなファーのミニトートバッグ』人気のモリス生地使用。How to make a small fur bag#142,https://www.youtube.com/watch?v=IlQPcekdyUo,IlQPcekdyUo.jpg,
『後編』布耳パッチワークの可愛い巾着【端ぎれ＆布耳で作るバッグと小物】How to make a cute patchwork ruffle purse#141,https://www.youtube.com/watch?v=l3JffYLrulo,l3JffYLrulo.jpg,
『前編』捨てちゃう部分が宝物！布耳パッチワークの基本編【端ぎれ＆布耳で作るバッグと小物】Basics of cloth ear patchwork#140,https://www.youtube.com/watch?v=7RdiBOiuMEI,7RdiBOiuMEI.jpg,
"【１００均しめ縄リメイク】道具不要！人気の畳ヘリと端切れで簡単なのにお洒落な「お正月飾り」を紹介します How to make ""New Year's decorations""#140",https://www.youtube.com/watch?v=B0oIT62qTWg,B0oIT62qTWg.jpg,
30分で作れる簡単な端切れの布小物「5つのアイデア」フラップポーチ｜リップケース｜ストラップ（マリメッコ５０cm完結編）5 Ideas for small marimekko Cloths #139,https://www.youtube.com/watch?v=JqJxYXGiE_g,JqJxYXGiE_g.jpg,
【新刊著書発売】端ぎれ＆布耳で作るバッグと小物。掲載作品の一部を音声で紹介しますIntroduction of works published in the book.#138,https://www.youtube.com/watch?v=XCb2uusEUlY,XCb2uusEUlY.jpg,
折って縫うだけ！今までで一番簡単なファスナーの付け方を紹介します。１枚布のフラットポーチの作り方How to make the easiest zipper pouch　#137,https://www.youtube.com/watch?v=iq-RvcXQYo8,iq-RvcXQYo8.jpg,
簡単！５０cmで作れる【マリメッコ生地】でマチありトートバッグの作り方。端切れも布耳も全部使い切ります。How to make a tote bag with marimekko #136,https://www.youtube.com/watch?v=sYWEUm4M5Uw,sYWEUm4M5Uw.jpg,
"【クリスマス】端切れで可愛い手作りくつしたの作り方。お菓子が入るポケット付|How to make Christmas boots with pockets""#135",https://www.youtube.com/watch?v=vCY3vToi7Kg,vCY3vToi7Kg.jpg,
【マロンポーチ】仕上がりが1番綺麗な内布付ファスナーポーチの作り方（マロン巾着アレンジ）｜How to make a zipper pouch with inner cloth　#134,https://www.youtube.com/watch?v=OlTldRYf240,OlTldRYf240.jpg,
超感動！まっさらな生機から布が出来るまでの工程の多さに驚きと感謝と。【染色工場見学 コッカkokka fabric: KONNiT】 Dyeing factory tour report #133,https://www.youtube.com/watch?v=CykvZMEBTzc,CykvZMEBTzc.jpg,
【端切れ活用】リバティのはぎれで”ボート型”ペンケースの作り方.｜How to make a pen case　#132,https://www.youtube.com/watch?v=LeIISlqAYUY,LeIISlqAYUY.jpg,
【端切れ活用】リバーシブルで使える”まるい巾着”の作り方。布合わせも楽しめます｜How to make a reversible round purse,https://www.youtube.com/watch?v=72vR5SDGvQs,72vR5SDGvQs.jpg,
口が大きく開く『楕円底』のお洒落なタック入りトート｜丸底の作り方｜How to make a tucked tote bag with an oval bottom,https://www.youtube.com/watch?v=9wcDzRbVkiI,9wcDzRbVkiI.jpg,
１枚仕立てで内布なし！ポケット付キャラメル底のショルダーバッグの作り方を紹介します。エコバッグ｜How to make a single cloth shoulder bag,https://www.youtube.com/watch?v=pSGAICFtF-8,pSGAICFtF-8.jpg,
【端切れ活用】フリルが可愛いまあるい巾着ポーチ。プレゼントにもお勧めです。How to make a round purse,https://www.youtube.com/watch?v=C4aenE_6YQw,C4aenE_6YQw.jpg,
見た目より簡単に作れます！ダーツ底のおしゃれなワンハンドルバッグ。横幅修正有（コットンタイム掲載）How to make a one-handle tote bag.Easy to make,https://www.youtube.com/watch?v=dxlojI4WDBc,dxlojI4WDBc.jpg,
暑い夏にはやっぱりこれが一番！熱中症＆日焼け対策に簡単ネッククーラー作り。就寝時やお子様にもお勧めです｜How to make an easy neck cooler,https://www.youtube.com/watch?v=YQIodZzaHnk,YQIodZzaHnk.jpg,
真っ直ぐ縫うだけ！好きな長さで作れる、型紙不要のギャザースカートの作り方。脇ポケットの付け方も紹介｜How to make a skirt with side seam pockets,https://www.youtube.com/watch?v=3phWzV7nU4U,3phWzV7nU4U.jpg,
帆布で作る『スマホポシェット』前ポケット付きでイヤホンやメガネも入ります。家庭用ミシンでも帆布は縫える｜How to　#124,https://www.youtube.com/watch?v=Vz5F9vF3Xo4,Vz5F9vF3Xo4.jpg,
【無料オンライン講座】帆布のバッグ作りで家庭用ミシンの機能を使いこなそう！JUKI 「HZL-EX7」紹介｜家庭用ミシンでも帆布は縫える３｜Free Lesson,https://www.youtube.com/watch?v=dXd2G0jmQuA,dXd2G0jmQuA.jpg,
【DAISO保冷シート】底がたためるヌビキルトのトートバッグ作り｜ヌビキルトHow to make an ice pack with quilted fabric,https://www.youtube.com/watch?v=yRpKCDXqeNI,yRpKCDXqeNI.jpg,
"【コットンタイム7月号】マルチコラボ定規で""テトラ型鍋つかみ""の作り方紹介。商用可能レシピ| How to make a Tetra potholder　#120",https://www.youtube.com/watch?v=ijjFZcke0NM,ijjFZcke0NM.jpg,
【徹底解説】手芸講師の無料オンライン講座「保冷ポーチ作り」ファスナーの付け方を丁寧に教えます（音声あり）｜Free Lesson,https://www.youtube.com/watch?v=G-Anom2mL6s,G-Anom2mL6s.jpg,
保冷の裏地付き「四角底のペットボトルカバー」の作り方。持ち手調節可能で布合わせも楽しめますHow to make a bottle cover,https://www.youtube.com/watch?v=HC69-TfDyi8,HC69-TfDyi8.jpg,
おにぎりサイズの「保冷ポーチ」ができました!ラミネートの端切れ活用にもお勧めです｜How to make a small cold storage pouch,https://www.youtube.com/watch?v=UpmcYLOnGhY,UpmcYLOnGhY.jpg,
巻きロック&ジグザグミシンで作る白いガーゼのキッチンクロス｜JUKI　MO2800ロックミシン｜How to make a kitchen cloth,https://www.youtube.com/watch?v=bt4UTUEbrhE,bt4UTUEbrhE.jpg,
布合わせを楽しむ『内ポケット付ワンショルダー』アレンジ編|How to make a shoulder bag,https://www.youtube.com/watch?v=2VbfHSU3a70,2VbfHSU3a70.jpg,
三角マチの【ワンハンドルバッグ】切らないマチの作り方|How to make a shoulder bag,https://www.youtube.com/watch?v=XP8psN3Hmyg,XP8psN3Hmyg.jpg,
たたんで縫うだけ！ガーゼの余り布で作るハンカチみたいなティッシュケース。プレゼントにもお勧めです｜How to make a tissue pouch with double gauze,https://www.youtube.com/watch?v=xW4mJ9NnQs8,xW4mJ9NnQs8.jpg,
【入園入学】底マチ・ポケット・布合わせなど色んなタイプのレッスンバッグの作り方を紹介｜How to make a bag for kids｜DIY,https://www.youtube.com/watch?v=HybkrBO6vVA,HybkrBO6vVA.jpg,
【入園入学準備】1枚の生地で”ジグザグ縫い不要”の簡単レッスンバッグの作り方。上履きが入るシューズケースもお揃いで｜How to make a bag,https://www.youtube.com/watch?v=FgMAZzoTT5g,FgMAZzoTT5g.jpg,
【入園入学準備】持ち手付き巾着シューズケースの作り方｜上履き入れ｜ワンハンドルトート｜How to make a drawstring shoe case with a handle｜DIY,https://www.youtube.com/watch?v=ytJbbLTwuoY,ytJbbLTwuoY.jpg,
広げて使える『まるい巾着ポーチ』の作り方。ミシン周りの収納にもお勧めです｜How to make a flat drawstring pouch｜DIY｜はぎれ活用,https://www.youtube.com/watch?v=96VwxvGEbcY,96VwxvGEbcY.jpg,
ひも通しが別になった「まあるい巾着」しずく巾着（N0.87）より作りやすいかも！？型紙の作り方も紹介｜How to make a round purse｜DIY,https://www.youtube.com/watch?v=0gSjzzoTaYk,0gSjzzoTaYk.jpg,
形が可愛い小さなポーチ。イヤホン、コイン、キーケースなどの小物収納に|ドリップポーチ|ファスナーの付け方｜How to make an earphone case｜DIY,https://www.youtube.com/watch?v=kQhwEB50cCw,kQhwEB50cCw.jpg,
【端切れ活用】ラミネートの端切れで作る小さなポーチ。２０cmファスナーで好きなサイズが作れます｜A small pouch made of extra cloth｜DIY,https://www.youtube.com/watch?v=hRIjAPK57NY,hRIjAPK57NY.jpg,
ファスナー初心者さん向け。1枚布ですぐ出来る簡単ポーチの作り方｜家庭用ミシンでハンドメイド｜DIY｜How to make a zipper pouch for beginner,https://www.youtube.com/watch?v=g_gRg5FyABg,g_gRg5FyABg.jpg,
畳んで縫うだけ！簡単クッションカバーの作り方。ファスナーなしで作れます|40cm角サイズ|How to make a square cushion cover｜DIY,https://www.youtube.com/watch?v=PMB1jblESJE,PMB1jblESJE.jpg,
小さな布で作るリップケース｜消毒液ケースの作り方|プレゼントにもお勧めです｜How to make a pouch｜DIY|はぎれ活用,https://www.youtube.com/watch?v=1uu5mJ5edfY,1uu5mJ5edfY.jpg,
【100均材料】10分で完成！お正月しめ縄飾りを手作り｜つまみ細工|How to make Japanese New Year decorations |DAISOリメイク｜seria,https://www.youtube.com/watch?v=tkKM4huiiU4,tkKM4huiiU4.jpg,
1年総まとめ【プレゼント企画】4万人登録ありがとうございます！| present,https://www.youtube.com/watch?v=GqJbA9ffcbE,GqJbA9ffcbE.jpg,
捨てられない布の端っこで【布耳のクリスマスツリー】を作ってみませんか？はぎれ活用｜Let's make a Christmas tree with scraps,https://www.youtube.com/watch?v=xS9CseN7_b0,xS9CseN7_b0.jpg,
ポシェットにもミニバッグにもなる２WAYショルダーの作り方｜How to make a pochette bag｜DIY　＃99,https://www.youtube.com/watch?v=5tQmEDE-AME,5tQmEDE-AME.jpg,
【型紙あり】はぎれで可愛い「マロン巾着」の作り方｜How to make a chestnut-designed drawstring pouch,https://www.youtube.com/watch?v=RrwedWm5qqI,RrwedWm5qqI.jpg,
簡単！ファーのコサージュブローチの作り方｜ハギレ活用｜How to make a corsage,https://www.youtube.com/watch?v=2P7i7TzsYCI,2P7i7TzsYCI.jpg,
ねじりタイプ【ファーのリバーシブルネックウォーマーの作り方】ブログ人気レシピ| How to make reversible neck warmers｜DIY,https://www.youtube.com/watch?v=-scI5zP5hzo,-scI5zP5hzo.jpg,
３時間で作れる！簡単ファーのトートバッグ｜ブログ人気レシピ｜作り方｜How to make a faux fur tote｜DIY,https://www.youtube.com/watch?v=ysjFpQGDmh4,ysjFpQGDmh4.jpg,
がま口の脇「V」の綺麗な縫い方のコツ|ポイントレッスン｜How to sew,https://www.youtube.com/watch?v=vFZmUyAaQXc,vFZmUyAaQXc.jpg,
あると超便利！ハンドプレス機（うさぎ）音を立てずにカシメ付け|バネホック|プラスナップ| 概要欄に購入先記載|How to use the hand press,https://www.youtube.com/watch?v=m7TCi1RyVwM,m7TCi1RyVwM.jpg,
ポケットサイズのミニ財布【Cotton Timeコットンタイム１１月号掲載】作りやすく改良しました｜How to make a mini wallet｜DIY,https://www.youtube.com/watch?v=xnhNiqcWPmA,xnhNiqcWPmA.jpg,
【ファスナー付けの基本】トートバッグ風裏地付きフラットポーチ｜縫い代が見えない作り方｜DIY｜How to make a zipper pouch,https://www.youtube.com/watch?v=iyR5m_zLEQ0,iyR5m_zLEQ0.jpg,
ミシンで作るオシャレな【ビスコーニュ】の作り方|布合わせが楽しいピンクッション|はぎれ活用|DIY|How to make Biscornu,https://www.youtube.com/watch?v=72kkqeXvryM,72kkqeXvryM.jpg,
【ルームツアー】Sewing room和室を憧れのミシン部屋にDIY｜１００均で便利な収納法紹介｜Roomtour,https://www.youtube.com/watch?v=xhKIDu_O7lY,xhKIDu_O7lY.jpg,
端切れで作る簡単デコパージュ石鹸。プレゼントにもお勧めです。How to make decoupage soap/DIY,https://www.youtube.com/watch?v=4cOIXy30tNE,4cOIXy30tNE.jpg,
【型紙付】小さくて形が可愛い「しずく巾着」の作り方/カーブが綺麗に仕上がるコツ/How to make a drop drawstring pouch/DIY,https://www.youtube.com/watch?v=7q9-Drd0jgk,7q9-Drd0jgk.jpg,
【型紙付】小さなはぎれで栗の形のマロンコースター作り/How to make a chestnut coaster,https://www.youtube.com/watch?v=NabhIvYuRMg,NabhIvYuRMg.jpg,
はぎれで作るカフェカーテン/サイズ分けで効率UP！/制作風景/作り方/サステナブル/How to make a cartain,https://www.youtube.com/watch?v=DR8OtnEHU-g,DR8OtnEHU-g.jpg,
小さくてかわいい『トートバッグ風ポーチ』の作り方/三角マチのバネポーチ/巾着/はぎれ活用/How to make a pouch,https://www.youtube.com/watch?v=2jUsiaMJDi4,2jUsiaMJDi4.jpg,
2枚の布でとっても簡単『三角マチのバネポーチ』初心者さん向けはぎれ活用/布合わせ/作り方/how to make a Spring pouch /diy,https://www.youtube.com/watch?v=zCAK8de5Kno,zCAK8de5Kno.jpg,
簡単なのにかわいい『三角マチの巾着ポーチ』の作り方。プレゼントにもお勧めです/はぎれ活用/How to make a drawstring pouch/diy,https://www.youtube.com/watch?v=3w3lUSpNMh4,3w3lUSpNMh4.jpg,
布の街【日暮里繊維街２】Nippori Txitile Town行くと必ず立ち寄るお店/ハンドメイド/布,https://www.youtube.com/watch?v=M818W5pVhTA,M818W5pVhTA.jpg,
お気に入りの生地で『日傘作り』防水生地の失敗と成功。日傘キットを使っています｜How to make a parasol/DIY,https://www.youtube.com/watch?v=lEEHrW23ogE,lEEHrW23ogE.jpg,
上下がわかりやすいボートマスクの作り方/折り上げマスク/レースマスク/夏マスク/folding mask/facemask/3Dmask/DIY/howto,https://www.youtube.com/watch?v=PUMrFyw-U60,PUMrFyw-U60.jpg,
日焼け対策にロングサイズの立体マスクの作り方/無料型紙付き/レースマスク/夏マスク /手作りマスク/facemask/3Dmask/DIY/howto,https://www.youtube.com/watch?v=X1RMBzmu0xI,X1RMBzmu0xI.jpg,
裏地保冷タイプのポケット付き巾着バッグの作り方/How to make a purse tote bag｜DIY,https://www.youtube.com/watch?v=jtgcvLXfzho,jtgcvLXfzho.jpg,
プレゼントにもお勧め「はぎれ」で簡単布小物3点/ポケット付ティッシュケース/小物入れ/キーストラップ/作り方/はぎれ活用/ハンドメイド/50cmカットクロス/Howto/DIY,https://www.youtube.com/watch?v=XOKQipApZFs,XOKQipApZFs.jpg,
実はとっても簡単！マチありペンケースの作り方（本体サイズ修正１３.５cm）かぎ針ケースにも/DAISOファスナーの付け方/How to make a zip pouch,https://www.youtube.com/watch?v=BKNdDKSeQp8,BKNdDKSeQp8.jpg,
縫い代が見えない「キャラメルポーチ」の作り方/ファスナーの付け方/２０cmと１６cmサイズ別レシピ紹介/howto/はぎれ活用,https://www.youtube.com/watch?v=XLMFkspcI5c,XLMFkspcI5c.jpg,
簡単なのにおしゃれなラミネートバッグの作り方/５０cmカットクロスで作る基本のバッグ/HOWTO/DIY　#73,https://www.youtube.com/watch?v=qxBSBObDjQo,qxBSBObDjQo.jpg,
小さな『はぎれ』で作る布小物/制作風景/ハンドメイド/パッチワーク/作り方/howto/patchwork,https://www.youtube.com/watch?v=IH-JE_yjTBU,IH-JE_yjTBU.jpg,
小さくして使える２WAYペタンコトートバッグの作り方/howto/DIY/エコバッグ,https://www.youtube.com/watch?v=xnKtrJWGItw,xnKtrJWGItw.jpg,
『ギャザー』がきれいに作れる縫い方のコツ/ギャザグラニーの作り方/howto/DIY/トートバッグ,https://www.youtube.com/watch?v=fDjrlscOKRA,fDjrlscOKRA.jpg,
ふんわりキルトトートバッグの作り方/接着キルト芯の貼り方/HOWTO/DIY,https://www.youtube.com/watch?v=62EfDKhKPsw,62EfDKhKPsw.jpg,
【100均リメイク】サイズ別ファスナーの収納にお勧め/DIY/DAISO/howto,https://www.youtube.com/watch?v=pdc-dWS1Ejo,pdc-dWS1Ejo.jpg,
[Using scraps] How to make an arm pincushion/hand sewing/matching fabric/online workshop/DIY/Howt...,https://www.youtube.com/watch?v=2pueG2G8ivM,2pueG2G8ivM.jpg,
【旅のVlog】初めてのドバイＤＵＢＡＩ。ストップオーバーで現地ツアー飛び入り参加/個人旅行2019,https://www.youtube.com/watch?v=Sk8vzIwfIjA,Sk8vzIwfIjA.jpg,
【旅のVlog】フランス・パリ手芸店巡りとクリニャンクール蚤の市/モンサンミッシェル観光/個人旅行2019,https://www.youtube.com/watch?v=cutqlpfay7c,cutqlpfay7c.jpg,
【旅のVlog】ベルギー・ブリュッセル手芸店巡りと観光/Brussels Belgium/グランプラス/チョコレート通り/個人旅行2019,https://www.youtube.com/watch?v=PBAKrCU8iqs,PBAKrCU8iqs.jpg,
【旅のVlog】オランダ・アムステルダム手芸店巡りと観光/Amsterdam in Netherlands/アルバートカイプ/風車村/ドバイトランジット個人旅行2019,https://www.youtube.com/watch?v=HTSYspDkVps,HTSYspDkVps.jpg,
廃材利用で0円DIY！トイレのアクセントウォールをプチリフォーム/１００均DIY/リメイクシート,https://www.youtube.com/watch?v=HkhPBQuhqvA,HkhPBQuhqvA.jpg,
【大人用＆子ども用無料型紙付き】2箇所縫うだけ！簡単バルーンマスクの作り方/Howto/diy,https://www.youtube.com/watch?v=ADRwaqUKo-g,ADRwaqUKo-g.jpg,
【家庭用ミシンで帆布は縫える２】普段使いのトートバッグの作り方/DIY/howto,https://www.youtube.com/watch?v=3BinSHen2F4,3BinSHen2F4.jpg,
【バッグ作り】革持ち手の縫い付け方＊ちょっとしたコツで綺麗に仕上がります/Howto/diy,https://www.youtube.com/watch?v=Ly6Tni2hnoI,Ly6Tni2hnoI.jpg,
手芸講師が直伝『パイピングテープの縫い方』と『カーブを綺麗に縫う方法』を丁寧に紹介,https://www.youtube.com/watch?v=dq3B8s0nOdY,dq3B8s0nOdY.jpg,
「カシメの付け方」はじめてでも成功率があがる方法を紹介/howto/diy,https://www.youtube.com/watch?v=GZF62nFocB0,GZF62nFocB0.jpg,
家庭用ミシンでも帆布は縫える！【２ＷＡＹショルダーバッグ】の作り方/howto/diy,https://www.youtube.com/watch?v=N43ioJeqUIQ,N43ioJeqUIQ.jpg,
舟形ボートマスクの作り方（LMSサイズ別紹介）/フォーマルなマスクにもお勧め/手作りマスク/お魚マスク/折り上げマスク/howto/diy/facemask,https://www.youtube.com/watch?v=R67aKVEjcMg,R67aKVEjcMg.jpg,
【リンネル特別編集掲載】簡単かわいいポケット付きレジ袋型エコバッグの作り方,https://www.youtube.com/watch?v=SQyjkim4DHA,SQyjkim4DHA.jpg,
【リンネル特別編集掲載】簡単かわいいフラップ付きレジ袋型エコバッグの作り方,https://www.youtube.com/watch?v=zjPPZIppgSA,zjPPZIppgSA.jpg,
【リンネル特別編集掲載】簡単かわいいコンビニサイズのレジ袋型エコバッグの作り方（型紙あり),https://www.youtube.com/watch?v=NnrxDqcGqlE,NnrxDqcGqlE.jpg,
[Linnelle Special Edition] How to make a cute and easy convenience store size eco bag using a sin...,https://www.youtube.com/watch?v=O2ZwUb73vrE,O2ZwUb73vrE.jpg,
はぎれで簡単！2つ折りマスク置きケースの作り方＊洗えて清潔,https://www.youtube.com/watch?v=fjCw2MwKVHg,fjCw2MwKVHg.jpg,
ラミネートで超簡単！仕切り付きマスクケースの作り方/Howto/DIY,https://www.youtube.com/watch?v=Z_24i8gZVro,Z_24i8gZVro.jpg,
Craft instructor's online course: How to make a sacoche (part 2) * How to attach a magnetic button,https://www.youtube.com/watch?v=potmXS8WJrk,potmXS8WJrk.jpg,
手芸講師のオンライン講座・サコッシュの作り方 前編＊ファスナーポケットの作り方,https://www.youtube.com/watch?v=-nkeFHy32pU,-nkeFHy32pU.jpg,
切って、たたんで１か所縫うだけ！超簡単「洋服リメイクエコバッグ」の作り方/10分でできる/Tシャツ/Howto/DIY,https://www.youtube.com/watch?v=c0cvkDpYco4,c0cvkDpYco4.jpg,
【ミシン部屋DIY完結編】手芸アイテム収納編「押入れ改造→収納クローゼットに」セルフリフォーム和室から洋室へ,https://www.youtube.com/watch?v=XQagFMKq-p0,XQagFMKq-p0.jpg,
【ミシン部屋収納DIY５】収納カートをDIY「押入れ改造→収納クローゼット」セルフリフォーム,https://www.youtube.com/watch?v=IQqAv9ghr1c,IQqAv9ghr1c.jpg,
【ミシン部屋収納DIY４】収納棚作り「押入れ改造→収納クローゼットに」セルフリフォーム,https://www.youtube.com/watch?v=yf15MOyij64,yf15MOyij64.jpg,
簡単マスク置きケースの作り方＊リンネル特別編集マスク本重版感謝企画,https://www.youtube.com/watch?v=B1KkilargLY,B1KkilargLY.jpg,
ミシンの選び方のポイントを手芸講師が丁寧に解説/買い替えのタイミング/ミシン初心者/家庭用ミシン,https://www.youtube.com/watch?v=sIObOEsatUk,sIObOEsatUk.jpg,
直線縫いで簡単＊仕分けポケット付きマスクケースの作り方＊how to make a 2-fold face mask pouch,https://www.youtube.com/watch?v=XcdPjSQ9CKA,XcdPjSQ9CKA.jpg,
水通しってどうやる？ガーゼやリネンの『水通し』の基本を紹介。,https://www.youtube.com/watch?v=6Amx1yHyR68,6Amx1yHyR68.jpg,
家庭用ミシンのお手入れ方法とお勧めのミシン押さえ,https://www.youtube.com/watch?v=OX-EhFKNqBk,OX-EhFKNqBk.jpg,
Recommended storage methods for sewing tools and sewing machine accessories,https://www.youtube.com/watch?v=uczRW15RwlY,uczRW15RwlY.jpg,
『日暮里繊維街』Nippori Textile town お勧め布問屋の紹介,https://www.youtube.com/watch?v=Jh2QsqH-550,Jh2QsqH-550.jpg,
耳が痛くなりにくいTシャツマスクゴムの作り方,https://www.youtube.com/watch?v=dW25aoR1nIA,dW25aoR1nIA.jpg,
簡単！たたんで2カ所縫うだけ・手作りマスクの作り方２,https://www.youtube.com/watch?v=P1mYpj9kwUw,P1mYpj9kwUw.jpg,
マスクゴム代わりに！サイズ調節できる『ひも』の結び方（片結び＆両結び）,https://www.youtube.com/watch?v=dORa1hhTSx4,dORa1hhTSx4.jpg,
古着でリメイク！手作りマスクの作り方（立体、プリーツマスク）,https://www.youtube.com/watch?v=8XTAuuBPRzY,8XTAuuBPRzY.jpg,
フィルターポケット付立体マスクの作り方,https://www.youtube.com/watch?v=wD9TDstdnVc,wD9TDstdnVc.jpg,
JUKI家庭用EX7 ミシンの使い方Ｑ＆Ａインスタライブコラボ企画,https://www.youtube.com/watch?v=B8RtppVSqHY,B8RtppVSqHY.jpg,
手縫いで作る『立体マスク』ワイヤー＆フィルターポケット付（インスタライブ再編集編ロングver.）,https://www.youtube.com/watch?v=QQ8qfqxPP_s,QQ8qfqxPP_s.jpg,
2重マスクにお勧め【不織布マスクカバー】の作り方/内側ガーゼ/使い捨てマスク/howto/facemask,https://www.youtube.com/watch?v=-IW3cddm0UM,-IW3cddm0UM.jpg,
耳が痛くなりにくい『ストッキングゴム』を手作りマスクに活用！,https://www.youtube.com/watch?v=rtQJK4RWYN0,rtQJK4RWYN0.jpg,
手縫いで作るポケット付きプリーツマスク（内側ガーゼ）の作り方（インスタライブ編集編）,https://www.youtube.com/watch?v=4HoC_7zd_TU,4HoC_7zd_TU.jpg,
プリーツマスク『ワイヤー＆フィルターポケット付き』子どもサイズで紹介,https://www.youtube.com/watch?v=Lkn7f97iEh4,Lkn7f97iEh4.jpg,
手作り布マスク『プリーツマスクの作り方』vol.２（内側ガーゼ編）,https://www.youtube.com/watch?v=Fj4VwNyFKUA,Fj4VwNyFKUA.jpg,
Craft instructor's online course 4 Eco bag (sewing a three-fold bias stitch),https://www.youtube.com/watch?v=2yL5gJ4mi60,2yL5gJ4mi60.jpg,
Craft instructor's online course 3: Eco bag (preparation for attaching bias tape),https://www.youtube.com/watch?v=xqAtgoERCqU,xqAtgoERCqU.jpg,
Craft instructor's online course 2: Eco bag (body production),https://www.youtube.com/watch?v=Q2T8cvurHzA,Q2T8cvurHzA.jpg,
手芸講師のオンライン講座1エコバッグ （内ポケット編）,https://www.youtube.com/watch?v=ErFbxrUvTjM,ErFbxrUvTjM.jpg,
Craft instructor's online course 5 Eco bag (bias finishing ➡ finished),https://www.youtube.com/watch?v=3f4GQK_439c,3f4GQK_439c.jpg,
手作り布マスク『プリーツマスクの作り方』vol.1（１枚布編）,https://www.youtube.com/watch?v=y6KORdQKVYM,y6KORdQKVYM.jpg,
How to make 3Dmask＊English ver.,https://www.youtube.com/watch?v=R8m9lSIrux0,R8m9lSIrux0.jpg,
簡単！ワイヤー入２枚仕立ての立体マスクの作り方2＊ミシン編,https://www.youtube.com/watch?v=fAKpjl6xIeY,fAKpjl6xIeY.jpg,
Easy! How to make a 3D mask with two pieces 1 * Cutting preparation,https://www.youtube.com/watch?v=e4RFq562q5s,e4RFq562q5s.jpg,
【ミシン部屋収納DIY３】壁紙DIY編「押入れ改造→収納クローゼットに」セルフリフォーム,https://www.youtube.com/watch?v=SKnlNFru2Pw,SKnlNFru2Pw.jpg,
【ミシン部屋収納DIY２】押入れの棚を外す編「押入れ改造→収納クローゼットに」セルフリフォーム,https://www.youtube.com/watch?v=dCFxkoKPs-A,dCFxkoKPs-A.jpg,
【ミシン部屋収納DIY１】逆再生片付け編「押入れ改造→収納クローゼットに」セルフリフォーム,https://www.youtube.com/watch?v=_ZLtM_svB04,_ZLtM_svB04.jpg,
【ミシン部屋収納DIY】押入れ初期の収納法紹介編「押入れ改造→収納クローゼットに」セルフリフォーム/和室から洋室へ,https://www.youtube.com/watch?v=Wp05qduvnNU,Wp05qduvnNU.jpg,
『手作りマスク』マスクゴムの代用になる布紐の作り方,https://www.youtube.com/watch?v=6H81BR_wu_c,6H81BR_wu_c.jpg,
『使い捨てマスクを挟んで使えるガーゼマスクの作り方』,https://www.youtube.com/watch?v=zVHU3hz-kcI,zVHU3hz-kcI.jpg,
ファスナー付けの基本「裏地つきファスナーポケット」のバッグの作り方,https://www.youtube.com/watch?v=UQB4leQoVks,UQB4leQoVks.jpg,
手芸講師が直伝バッグ作りの基本「接着芯の貼り方と選び方」,https://www.youtube.com/watch?v=AhWPJ33mVxM,AhWPJ33mVxM.jpg,
"A handicraft instructor shares the basics of bag making: ""How to sew a round-bottom bag""",https://www.youtube.com/watch?v=C-xmgF1_pJw,C-xmgF1_pJw.jpg,
手芸講師が直伝「苦手な円形をきれいに仕上げる」縫い方のコツ,https://www.youtube.com/watch?v=VgyXEMQzaE8,VgyXEMQzaE8.jpg,
手作りマスク『耳までロングな大人立体マスク』就寝時や花粉症乾燥対策に♪,https://www.youtube.com/watch?v=JbkNh_02DMg,JbkNh_02DMg.jpg,
【子供用立体マスクの作り方】可愛いマスクを手作りで♪,https://www.youtube.com/watch?v=ELQE74gi93Q,ELQE74gi93Q.jpg,
たたんで2カ所縫うだけ＊簡単手作りマスク,https://www.youtube.com/watch?v=9ZkBRSVHi1A,9ZkBRSVHi1A.jpg,
